{"cameraMode":{"drawMode":0,"name":"Shaded","section":"Shading Mode"},"sceneLighting":false,"audioPlay":false,"sceneViewState":{"m_AlwaysRefresh":false,"showFog":true,"showSkybox":false,"showFlares":true,"showImageEffects":true,"showParticleSystems":true,"showVisualEffectGraphs":true,"m_FxEnabled":true},"in2DMode":false,"pivot":{"x":-0.0033306479454040529,"y":0.6322333812713623,"z":-0.08387043327093125},"rotation":{"x":-0.004228723235428333,"y":0.9929231405258179,"z":-0.11279134452342987,"w":-0.03725220635533333},"size":0.5913122296333313,"orthographic":false}