{"cameraMode":{"drawMode":0,"name":"Shaded","section":"Shading Mode"},"sceneLighting":false,"audioPlay":false,"sceneViewState":{"m_AlwaysRefresh":false,"showFog":true,"showSkybox":false,"showFlares":true,"showImageEffects":true,"showParticleSystems":true,"showVisualEffectGraphs":true,"m_FxEnabled":true},"in2DMode":false,"pivot":{"x":-0.003315538167953491,"y":0.684136152267456,"z":-0.071418896317482},"rotation":{"x":0.0003034777764696628,"y":-0.9996368885040283,"z":-0.02458556555211544,"w":-0.012303884141147137},"size":0.5299507975578308,"orthographic":false}